FPR,TPR
0.0,0.0
0.0,0.00267379679144385
0.0,0.045454545454545456
0.000966183574879227,0.045454545454545456
0.000966183574879227,0.053475935828877004
0.002898550724637681,0.053475935828877004
0.002898550724637681,0.06149732620320856
0.004830917874396135,0.06149732620320856
0.004830917874396135,0.07219251336898395
0.005797101449275362,0.07219251336898395
0.005797101449275362,0.0855614973262032
0.00676328502415459,0.0855614973262032
0.00676328502415459,0.09358288770053476
0.007729468599033816,0.09358288770053476
0.007729468599033816,0.0962566844919786
0.008695652173913044,0.0962566844919786
0.00966183574879227,0.09893048128342247
0.00966183574879227,0.10427807486631016
0.00966183574879227,0.10695187165775401
0.00966183574879227,0.11229946524064172
0.00966183574879227,0.12299465240641712
0.011594202898550725,0.12299465240641712
0.011594202898550725,0.12566844919786097
0.012560386473429951,0.12566844919786097
0.012560386473429951,0.1657754010695187
0.01352657004830918,0.16844919786096257
0.01352657004830918,0.17379679144385027
0.014492753623188406,0.17379679144385027
0.014492753623188406,0.17914438502673796
0.015458937198067632,0.17914438502673796
0.015458937198067632,0.18716577540106952
0.018357487922705314,0.18716577540106952
0.018357487922705314,0.20053475935828877
0.01932367149758454,0.20053475935828877
0.01932367149758454,0.20855614973262032
0.020289855072463767,0.20855614973262032
0.020289855072463767,0.21122994652406418
0.021256038647342997,0.21122994652406418
0.021256038647342997,0.21390374331550802
0.022222222222222223,0.21390374331550802
0.022222222222222223,0.21657754010695188
0.02318840579710145,0.21657754010695188
0.02318840579710145,0.22192513368983957
0.024154589371980676,0.22192513368983957
0.024154589371980676,0.24331550802139038
0.025120772946859903,0.24331550802139038
0.025120772946859903,0.2540106951871658
0.02608695652173913,0.2540106951871658
0.02608695652173913,0.25935828877005346
0.02705314009661836,0.25935828877005346
0.02705314009661836,0.2647058823529412
0.028019323671497585,0.2647058823529412
0.028019323671497585,0.26737967914438504
0.028985507246376812,0.26737967914438504
0.028985507246376812,0.2700534759358289
0.02995169082125604,0.2700534759358289
0.02995169082125604,0.27540106951871657
0.03285024154589372,0.27540106951871657
0.03285024154589372,0.2807486631016043
0.034782608695652174,0.2807486631016043
0.034782608695652174,0.28342245989304815
0.035748792270531404,0.28342245989304815
0.035748792270531404,0.29411764705882354
0.03671497584541063,0.29411764705882354
0.03671497584541063,0.3074866310160428
0.03768115942028986,0.3074866310160428
0.03768115942028986,0.31283422459893045
0.03864734299516908,0.31283422459893045
0.03864734299516908,0.3155080213903743
0.03961352657004831,0.3181818181818182
0.04154589371980676,0.3181818181818182
0.04154589371980676,0.32620320855614976
0.04251207729468599,0.32620320855614976
0.04251207729468599,0.3502673796791444
0.044444444444444446,0.3502673796791444
0.044444444444444446,0.35561497326203206
0.04734299516908213,0.35561497326203206
0.04734299516908213,0.3582887700534759
0.04830917874396135,0.3582887700534759
0.04830917874396135,0.3716577540106952
0.04927536231884058,0.3716577540106952
0.04927536231884058,0.37967914438502676
0.050241545893719805,0.37967914438502676
0.050241545893719805,0.3850267379679144
0.05217391304347826,0.3850267379679144
0.05217391304347826,0.3983957219251337
0.05314009661835749,0.40106951871657753
0.05314009661835749,0.4090909090909091
0.05410628019323672,0.4090909090909091
0.05410628019323672,0.4117647058823529
0.057971014492753624,0.4117647058823529
0.057971014492753624,0.4197860962566845
0.05893719806763285,0.4197860962566845
0.05893719806763285,0.42780748663101603
0.06183574879227053,0.42780748663101603
0.06183574879227053,0.4304812834224599
0.0647342995169082,0.4304812834224599
0.0647342995169082,0.4385026737967914
0.06666666666666667,0.4385026737967914
0.06666666666666667,0.4411764705882353
0.06763285024154589,0.4411764705882353
0.06763285024154589,0.45187165775401067
0.07053140096618357,0.45187165775401067
0.07053140096618357,0.45454545454545453
0.07536231884057971,0.45454545454545453
0.07536231884057971,0.46524064171123
0.07632850241545894,0.46524064171123
0.07632850241545894,0.4679144385026738
0.0782608695652174,0.4679144385026738
0.0782608695652174,0.47058823529411764
0.07922705314009662,0.47058823529411764
0.07922705314009662,0.48128342245989303
0.08115942028985507,0.48128342245989303
0.08115942028985507,0.4839572192513369
0.08115942028985507,0.4893048128342246
0.0821256038647343,0.4893048128342246
0.0821256038647343,0.4919786096256685
0.08309178743961353,0.4919786096256685
0.08309178743961353,0.5
0.08405797101449275,0.5
0.08405797101449275,0.5053475935828877
0.08405797101449275,0.5106951871657754
0.08502415458937199,0.5106951871657754
0.08502415458937199,0.5133689839572193
0.08599033816425121,0.5133689839572193
0.08599033816425121,0.5320855614973262
0.08792270531400966,0.5320855614973262
0.08792270531400966,0.5347593582887701
0.08985507246376812,0.5347593582887701
0.08985507246376812,0.5454545454545454
0.09178743961352658,0.5454545454545454
0.09178743961352658,0.5481283422459893
0.09565217391304348,0.5481283422459893
0.09565217391304348,0.553475935828877
0.09758454106280193,0.553475935828877
0.09758454106280193,0.5588235294117647
0.10628019323671498,0.5588235294117647
0.10628019323671498,0.56951871657754
0.1072463768115942,0.56951871657754
0.1072463768115942,0.5748663101604278
0.10821256038647344,0.5748663101604278
0.10821256038647344,0.5775401069518716
0.11014492753623188,0.5775401069518716
0.11014492753623188,0.5802139037433155
0.1111111111111111,0.5802139037433155
0.1111111111111111,0.5828877005347594
0.11497584541062802,0.5828877005347594
0.11497584541062802,0.5855614973262032
0.12173913043478261,0.5855614973262032
0.12173913043478261,0.5909090909090909
0.1246376811594203,0.5909090909090909
0.1246376811594203,0.5935828877005348
0.12753623188405797,0.5935828877005348
0.12753623188405797,0.5962566844919787
0.13526570048309178,0.5962566844919787
0.13526570048309178,0.6016042780748663
0.13816425120772946,0.6016042780748663
0.1391304347826087,0.6042780748663101
0.14106280193236714,0.6042780748663101
0.14106280193236714,0.606951871657754
0.14202898550724638,0.606951871657754
0.14202898550724638,0.6096256684491979
0.14589371980676327,0.6096256684491979
0.14589371980676327,0.6122994652406417
0.1497584541062802,0.6122994652406417
0.1497584541062802,0.6176470588235294
0.15072463768115943,0.6176470588235294
0.15072463768115943,0.6256684491978609
0.1536231884057971,0.6256684491978609
0.1536231884057971,0.6363636363636364
0.1565217391304348,0.6363636363636364
0.1565217391304348,0.6443850267379679
0.16231884057971013,0.6443850267379679
0.16231884057971013,0.6470588235294118
0.1642512077294686,0.6470588235294118
0.1642512077294686,0.6524064171122995
0.16521739130434782,0.6524064171122995
0.16521739130434782,0.6550802139037433
0.16908212560386474,0.6550802139037433
0.16908212560386474,0.6631016042780749
0.17198067632850242,0.6631016042780749
0.17198067632850242,0.6657754010695187
0.17294685990338166,0.6657754010695187
0.17294685990338166,0.6684491978609626
0.178743961352657,0.6684491978609626
0.178743961352657,0.6764705882352942
0.1826086956521739,0.6764705882352942
0.1826086956521739,0.679144385026738
0.18357487922705315,0.679144385026738
0.18357487922705315,0.6844919786096256
0.18454106280193236,0.6844919786096256
0.18454106280193236,0.6871657754010695
0.18647342995169083,0.6871657754010695
0.18647342995169083,0.6978609625668449
0.18743961352657004,0.6978609625668449
0.18743961352657004,0.7058823529411765
0.18937198067632852,0.7058823529411765
0.19227053140096617,0.7058823529411765
0.19227053140096617,0.7085561497326203
0.1932367149758454,0.7085561497326203
0.1932367149758454,0.7192513368983957
0.1961352657004831,0.7192513368983957
0.1961352657004831,0.7272727272727273
0.19710144927536233,0.7272727272727273
0.19710144927536233,0.7299465240641712
0.2,0.7299465240641712
0.2,0.732620320855615
0.20483091787439614,0.732620320855615
0.20483091787439614,0.7352941176470589
0.20966183574879227,0.7352941176470589
0.20966183574879227,0.7379679144385026
0.21256038647342995,0.7379679144385026
0.21256038647342995,0.7406417112299465
0.21642512077294687,0.7406417112299465
0.21642512077294687,0.7433155080213903
0.21739130434782608,0.7433155080213903
0.21739130434782608,0.7486631016042781
0.21835748792270532,0.7486631016042781
0.21835748792270532,0.7513368983957219
0.22415458937198068,0.7513368983957219
0.22415458937198068,0.7540106951871658
0.22608695652173913,0.7540106951871658
0.22705314009661837,0.7593582887700535
0.22801932367149758,0.7593582887700535
0.23091787439613526,0.7620320855614974
0.23671497584541062,0.7620320855614974
0.23671497584541062,0.7647058823529411
0.2396135265700483,0.7647058823529411
0.2396135265700483,0.767379679144385
0.24057971014492754,0.767379679144385
0.24057971014492754,0.7700534759358288
0.24734299516908212,0.7700534759358288
0.24734299516908212,0.7754010695187166
0.25120772946859904,0.7754010695187166
0.25120772946859904,0.7780748663101604
0.25217391304347825,0.7780748663101604
0.25217391304347825,0.7807486631016043
0.2560386473429952,0.7807486631016043
0.2560386473429952,0.7834224598930482
0.2570048309178744,0.7834224598930482
0.2570048309178744,0.786096256684492
0.2589371980676328,0.786096256684492
0.2589371980676328,0.7887700534759359
0.2618357487922705,0.7887700534759359
0.2618357487922705,0.7914438502673797
0.26859903381642514,0.7914438502673797
0.26859903381642514,0.7941176470588235
0.27053140096618356,0.7941176470588235
0.27053140096618356,0.7967914438502673
0.27246376811594203,0.7967914438502673
0.27246376811594203,0.7994652406417112
0.2753623188405797,0.7994652406417112
0.2772946859903382,0.7994652406417112
0.2782608695652174,0.7994652406417112
0.2782608695652174,0.8074866310160428
0.28019323671497587,0.8074866310160428
0.28019323671497587,0.8128342245989305
0.2811594202898551,0.8128342245989305
0.2811594202898551,0.8155080213903744
0.28599033816425123,0.8155080213903744
0.28599033816425123,0.8181818181818182
0.29082125603864734,0.8181818181818182
0.29082125603864734,0.820855614973262
0.2995169082125604,0.820855614973262
0.2995169082125604,0.8235294117647058
0.30628019323671496,0.8235294117647058
0.30628019323671496,0.8315508021390374
0.30917874396135264,0.8315508021390374
0.30917874396135264,0.8342245989304813
0.3140096618357488,0.8342245989304813
0.3140096618357488,0.8368983957219251
0.31980676328502416,0.8368983957219251
0.31980676328502416,0.839572192513369
0.32463768115942027,0.839572192513369
0.32463768115942027,0.8422459893048129
0.33816425120772947,0.8422459893048129
0.33816425120772947,0.8449197860962567
0.34009661835748795,0.8449197860962567
0.34009661835748795,0.8475935828877005
0.34202898550724636,0.8475935828877005
0.34202898550724636,0.8502673796791443
0.34879227053140094,0.8502673796791443
0.34879227053140094,0.8529411764705882
0.3497584541062802,0.8529411764705882
0.3497584541062802,0.8556149732620321
0.3545893719806763,0.8556149732620321
0.3545893719806763,0.8582887700534759
0.36038647342995167,0.8582887700534759
0.36038647342995167,0.8609625668449198
0.36135265700483093,0.8609625668449198
0.36135265700483093,0.8663101604278075
0.36231884057971014,0.8663101604278075
0.36231884057971014,0.8689839572192514
0.36328502415458935,0.8689839572192514
0.36328502415458935,0.8743315508021391
0.3671497584541063,0.8743315508021391
0.3671497584541063,0.8770053475935828
0.37294685990338167,0.8770053475935828
0.37294685990338167,0.8796791443850267
0.3748792270531401,0.8796791443850267
0.3748792270531401,0.8823529411764706
0.37681159420289856,0.8823529411764706
0.37681159420289856,0.8850267379679144
0.37874396135265703,0.8850267379679144
0.37874396135265703,0.8903743315508021
0.3932367149758454,0.8903743315508021
0.3932367149758454,0.8983957219251337
0.40193236714975844,0.8983957219251337
0.40193236714975844,0.9010695187165776
0.4038647342995169,0.9010695187165776
0.4038647342995169,0.9037433155080213
0.4048309178743961,0.9037433155080213
0.4067632850241546,0.9037433155080213
0.4106280193236715,0.9037433155080213
0.4106280193236715,0.9064171122994652
0.41352657004830917,0.9064171122994652
0.41352657004830917,0.9090909090909091
0.41932367149758454,0.9090909090909091
0.41932367149758454,0.9117647058823529
0.4222222222222222,0.9117647058823529
0.4222222222222222,0.9197860962566845
0.43671497584541064,0.9197860962566845
0.43671497584541064,0.9251336898395722
0.4454106280193237,0.9251336898395722
0.4454106280193237,0.9278074866310161
0.45120772946859905,0.9278074866310161
0.45120772946859905,0.93048128342246
0.45217391304347826,0.93048128342246
0.45217391304347826,0.9358288770053476
0.4628019323671498,0.9358288770053476
0.4628019323671498,0.9385026737967914
0.4676328502415459,0.9385026737967914
0.4676328502415459,0.9411764705882353
0.4927536231884058,0.9411764705882353
0.4927536231884058,0.9438502673796791
0.5101449275362319,0.9438502673796791
0.5101449275362319,0.946524064171123
0.523671497584541,0.946524064171123
0.523671497584541,0.9491978609625669
0.5294685990338164,0.9491978609625669
0.5294685990338164,0.9518716577540107
0.5304347826086957,0.9518716577540107
0.5304347826086957,0.9545454545454546
0.5323671497584541,0.9545454545454546
0.5323671497584541,0.9679144385026738
0.6,0.9679144385026738
0.6,0.9732620320855615
0.6048309178743961,0.9732620320855615
0.6048309178743961,0.9759358288770054
0.629951690821256,0.9759358288770054
0.629951690821256,0.9786096256684492
0.6396135265700483,0.9786096256684492
0.6396135265700483,0.9812834224598931
0.6811594202898551,0.9812834224598931
0.6811594202898551,0.983957219251337
0.6879227053140097,0.983957219251337
0.6879227053140097,0.9866310160427807
0.6975845410628019,0.9866310160427807
0.6975845410628019,0.9893048128342246
0.7111111111111111,0.9893048128342246
0.7111111111111111,0.9946524064171123
0.8724637681159421,0.9946524064171123
0.8724637681159421,0.9973262032085561
0.9429951690821256,0.9973262032085561
0.9429951690821256,1.0
1.0,1.0
